date,peak
2020-01-01,13703.0
2020-01-02,11770.0
2020-01-03,14048.0
2020-01-04,14435.0
2020-01-05,14397.0
2020-01-06,12672.0
2020-01-07,14111.0
2020-01-08,13878.0
2020-01-09,14372.0
2020-01-10,14333.0
2020-01-11,14419.0
2020-01-12,14212.0
2020-01-13,13063.0
2020-01-14,14329.0
2020-01-15,13095.0
2020-01-16,11861.0
2020-01-17,10650.0
2020-01-18,11660.0
2020-01-19,12272.0
2020-01-20,12149.0
2020-01-21,13978.0
2020-01-22,14256.0
2020-01-23,14461.0
2020-01-24,14427.0
2020-01-25,14498.0
2020-01-26,14248.0
2020-01-27,12574.0
2020-01-28,14356.0
2020-01-29,14719.0
2020-01-30,14370.0
2020-01-31,14537.0
2020-02-01,14558.0
2020-02-02,14246.0
2020-02-03,12903.0
2020-02-04,14383.0
2020-02-05,14330.0
2020-02-06,14415.0
2020-02-07,14474.0
2020-02-08,14746.0
2020-02-09,14557.0
2020-02-10,13092.0
2020-02-11,14368.0
2020-02-12,14469.0
2020-02-13,14704.0
2020-02-14,14595.0
2020-02-15,14069.666666666666
2020-02-16,13544.333333333334
2020-02-17,13019.0
2020-02-18,14358.0
2020-02-19,14728.0
2020-02-20,14819.0
2020-02-21,14781.0
2020-02-22,14508.0
2020-02-23,14418.0
2020-02-24,13107.0
2020-02-25,14824.0
2020-02-26,14923.0
2020-02-27,14863.0
2020-02-28,14784.0
2020-02-29,14737.5
2020-03-01,14691.0
2020-03-02,13599.0
2020-03-03,14799.0
2020-03-04,15130.0
2020-03-05,15502.0
2020-03-06,15286.0
2020-03-07,15242.0
2020-03-08,14749.0
2020-03-09,13183.0
2020-03-10,15008.0
2020-03-11,14596.0
2020-03-12,15297.0
2020-03-13,15248.0
2020-03-14,15392.0
2020-03-15,15019.0
2020-03-16,13300.0
2020-03-17,15565.0
2020-03-18,15481.0
2020-03-19,15538.0
2020-03-20,15591.0
2020-03-21,15304.0
2020-03-22,14695.0
2020-03-23,12233.0
2020-03-24,13642.0
2020-03-25,12833.0
2020-03-26,11144.0
2020-03-27,11124.0
2020-03-28,10791.0
2020-03-29,10982.0
2020-03-30,10982.0
2020-03-31,11324.0
2020-04-01,11324.0
2020-04-02,11498.0
2020-04-03,11364.0
2020-04-04,11168.0
2020-04-05,11075.0
2020-04-06,11115.0
2020-04-07,10627.0
2020-04-08,10518.0
2020-04-09,10518.0
2020-04-10,10362.0
2020-04-11,9993.0
2020-04-12,10046.0
2020-04-13,10669.0
2020-04-14,10644.0
2020-04-15,10738.0
2020-04-16,10894.5
2020-04-17,11051.0
2020-04-18,11291.0
2020-04-19,11332.0
2020-04-20,10842.0
2020-04-21,10871.0
2020-04-22,11365.0
2020-04-23,11219.0
2020-04-24,11219.0
2020-04-25,11172.0
2020-04-26,11134.0
2020-04-27,10030.0
2020-04-28,10205.0
2020-04-29,10014.0
2020-04-30,10358.0
2020-05-01,10358.0
2020-05-02,10621.0
2020-05-03,10812.0
2020-05-04,11294.0
2020-05-05,11927.0
2020-05-06,12317.0
2020-05-07,12289.0
2020-05-08,12289.0
2020-05-09,12834.0
2020-05-10,12744.0
2020-05-11,12538.0
2020-05-12,13387.0
2020-05-13,13368.5
2020-05-14,13350.0
2020-05-15,13419.0
2020-05-16,13159.0
2020-05-17,13159.0
2020-05-18,11886.0
2020-05-19,12418.0
2020-05-20,12801.0
2020-05-21,12927.0
2020-05-22,13871.0
2020-05-23,13896.0
2020-05-24,12841.0
2020-05-25,12841.0
2020-05-26,13685.0
2020-05-27,14343.0
2020-05-28,14258.0
2020-05-29,13876.0
2020-05-30,13611.0
2020-05-31,12721.0
2020-06-01,13365.0
2020-06-02,13589.0
2020-06-03,13685.0
2020-06-04,13979.0
2020-06-05,13979.0
2020-06-06,13876.0
2020-06-07,12173.0
2020-06-08,13707.0
2020-06-09,13707.0
2020-06-10,13722.0
2020-06-11,13095.0
2020-06-12,13022.0
2020-06-13,13097.0
2020-06-14,13551.0
2020-06-15,13991.0
2020-06-16,14546.0
2020-06-17,14546.0
2020-06-18,14814.0
2020-06-19,14395.0
2020-06-20,14089.0
2020-06-21,13740.0
2020-06-22,13111.0
2020-06-23,13072.0
2020-06-24,13499.0
2020-06-25,12401.0
2020-06-26,12493.0
2020-06-27,12916.0
2020-06-28,11816.0
2020-06-29,11816.0
2020-06-30,12637.0
2020-07-01,12569.5
2020-07-02,12502.0
2020-07-03,12502.0
2020-07-04,12163.0
2020-07-05,11817.0
2020-07-06,12561.0
2020-07-07,12561.0
2020-07-08,13211.0
2020-07-09,12881.0
2020-07-10,12220.0
2020-07-11,12220.0
2020-07-12,11238.0
2020-07-13,10256.0
2020-07-14,12304.0
2020-07-15,12382.666666666666
2020-07-16,12461.333333333334
2020-07-17,12540.0
2020-07-18,12785.0
2020-07-19,12668.0
2020-07-20,12551.0
2020-07-21,12551.0
2020-07-22,13589.0
2020-07-23,13589.0
2020-07-24,13473.0
2020-07-25,12967.0
2020-07-26,10257.0
2020-07-27,10257.0
2020-07-28,12571.0
2020-07-29,12598.0
2020-07-30,12037.0
2020-07-31,12957.0
2020-08-01,12957.0
2020-08-02,10169.0
2020-08-03,11922.0
2020-08-04,11922.0
2020-08-05,11983.0
2020-08-06,11820.0
2020-08-07,12819.0
2020-08-08,12819.0
2020-08-09,12807.0
2020-08-10,10374.0
2020-08-11,12935.0
2020-08-12,13267.0
2020-08-13,13329.0
2020-08-14,13329.0
2020-08-15,12842.666666666666
2020-08-16,12356.333333333334
2020-08-17,11870.0
2020-08-18,12868.0
2020-08-19,13866.0
2020-08-20,13708.0
2020-08-21,14002.0
2020-08-22,14491.0
2020-08-23,13869.0
2020-08-24,11969.0
2020-08-25,13149.0
2020-08-26,13376.5
2020-08-27,13604.0
2020-08-28,13904.0
2020-08-29,13831.0
2020-08-30,13855.0
2020-08-31,12376.0
2020-09-01,13101.0
2020-09-02,13318.0
2020-09-03,12971.0
2020-09-04,13190.0
2020-09-05,13415.0
2020-09-06,11343.0
2020-09-07,11343.0
2020-09-08,12852.0
2020-09-09,12393.0
2020-09-10,12393.0
2020-09-11,12822.0
2020-09-12,13515.0
2020-09-13,12698.0
2020-09-14,12384.0
2020-09-15,12494.5
2020-09-16,12605.0
2020-09-17,13119.0
2020-09-18,13476.0
2020-09-19,13833.0
2020-09-20,12779.0
2020-09-21,11335.0
2020-09-22,13567.0
2020-09-23,13768.0
2020-09-24,14419.0
2020-09-25,14419.0
2020-09-26,14742.0
2020-09-27,13951.0
2020-09-28,12405.0
2020-09-29,14836.0
2020-09-30,13198.0
2020-10-01,12683.0
2020-10-02,13087.0
2020-10-03,13119.5
2020-10-04,13152.0
2020-10-05,12383.0
2020-10-06,13936.0
2020-10-07,14415.0
2020-10-08,14373.0
2020-10-09,14064.0
2020-10-10,13799.0
2020-10-11,13309.0
2020-10-12,12041.0
2020-10-13,13436.0
2020-10-14,13884.0
2020-10-15,14503.0
2020-10-16,14425.0
2020-10-17,14246.0
2020-10-18,11692.0
2020-10-19,11692.0
2020-10-20,12263.333333333334
2020-10-21,12834.666666666666
2020-10-22,13406.0
2020-10-23,13439.0
2020-10-24,13106.0
2020-10-25,13106.0
2020-10-26,11901.0
2020-10-27,13418.0
2020-10-28,13940.5
2020-10-29,14463.0
2020-10-30,14556.0
2020-10-31,14556.0
2020-11-01,14562.0
2020-11-02,13548.0
2020-11-03,15234.0
2020-11-04,15281.0
2020-11-05,15298.0
2020-11-06,14383.0
2020-11-07,13865.0
2020-11-08,13861.0
2020-11-09,12288.0
2020-11-10,14149.0
2020-11-11,14419.0
2020-11-12,15208.0
2020-11-13,14479.0
2020-11-14,12078.5
2020-11-15,9678.0
2020-11-16,10846.0
2020-11-17,11677.0
2020-11-18,11677.0
2020-11-19,12321.0
2020-11-20,12995.0
2020-11-21,12850.0
2020-11-22,13004.0
2020-11-23,11554.0
2020-11-24,13383.0
2020-11-25,12971.0
2020-11-26,11704.0
2020-11-27,10961.0
2020-11-28,12162.0
2020-11-29,12721.0
2020-11-30,12784.0
2020-12-01,12784.0
2020-12-02,12883.0
2020-12-03,12758.0
2020-12-04,12081.0
2020-12-05,12081.0
2020-12-06,12290.0
2020-12-07,10540.0
2020-12-08,12078.0
2020-12-09,12038.0
2020-12-10,12373.0
2020-12-11,12714.0
2020-12-12,12612.0
2020-12-13,12804.0
2020-12-14,11352.0
2020-12-15,11807.5
2020-12-16,12263.0
2020-12-17,12718.5
2020-12-18,13174.0
2020-12-19,12924.0
2020-12-20,12373.0
2020-12-21,11085.0
2020-12-22,12984.0
2020-12-23,13288.0
2020-12-24,13547.0
2020-12-25,13584.0
2020-12-26,13406.0
2020-12-27,13946.0
2020-12-28,12567.0
2020-12-29,13966.0
2020-12-30,14238.0
2020-12-31,13811.0
2021-01-01,12899.0
2021-01-02,11864.0
2021-01-03,12401.0
2021-01-04,12821.0
2021-01-05,12736.0
2021-01-06,12678.0
2021-01-07,12785.0
2021-01-08,12686.0
2021-01-09,12691.0
2021-01-10,11473.0
2021-01-11,12391.0
2021-01-12,12073.0
2021-01-13,12093.0
2021-01-14,10152.0
2021-01-15,9234.0
2021-01-16,9973.0
2021-01-17,9903.0
2021-01-18,12107.0
2021-01-19,12531.0
2021-01-20,13282.0
2021-01-21,13457.0
2021-01-22,13795.0
2021-01-23,13709.0
2021-01-24,12452.0
2021-01-25,13444.0
2021-01-26,12147.0
2021-01-27,13411.0
2021-01-28,14095.0
2021-01-29,14163.0
2021-01-30,13963.0
2021-01-31,12738.0
2021-02-01,13677.0
2021-02-02,14225.0
2021-02-03,14052.0
2021-02-04,13890.0
2021-02-05,14330.0
2021-02-06,13556.0
2021-02-07,12502.0
2021-02-08,13733.0
2021-02-09,14100.0
2021-02-10,14408.0
2021-02-11,14219.0
2021-02-12,14615.0
2021-02-13,14733.0
2021-02-14,12528.0
2021-02-15,14348.0
2021-02-16,14685.0
2021-02-17,14737.0
2021-02-18,14737.0
2021-02-19,15205.0
2021-02-20,13563.0
2021-02-21,11758.0
2021-02-22,14291.0
2021-02-23,14543.0
2021-02-24,14653.0
2021-02-25,14950.0
2021-02-26,15298.0
2021-02-27,15298.0
2021-02-28,13239.0
2021-03-01,15010.0
2021-03-02,15105.0
2021-03-03,14871.0
2021-03-04,15266.0
2021-03-05,15462.0
2021-03-06,15467.0
2021-03-07,14230.0
2021-03-08,15733.0
2021-03-09,15862.0
2021-03-10,15763.0
2021-03-11,15525.0
2021-03-12,15499.0
2021-03-13,15615.0
2021-03-14,13515.0
2021-03-15,15428.0
2021-03-16,16024.0
2021-03-17,15876.0
2021-03-18,15944.0
2021-03-19,16097.0
2021-03-20,15950.0
2021-03-21,14363.0
2021-03-22,16146.0
2021-03-23,16147.0
2021-03-24,16003.0
2021-03-25,16023.0
2021-03-26,16481.0
2021-03-27,16270.0
2021-03-28,14494.0
2021-03-29,15702.0
2021-03-30,16061.0
2021-03-31,15975.0
2021-04-01,16561.0
2021-04-02,16473.0
2021-04-03,16310.0
2021-04-04,15214.0
2021-04-05,16339.0
2021-04-06,14336.0
2021-04-07,16250.0
2021-04-08,16297.0
2021-04-09,16588.0
2021-04-10,16846.0
2021-04-11,14963.0
2021-04-12,16007.0
2021-04-13,15828.0
2021-04-14,14973.0
2021-04-15,14490.0
2021-04-16,14780.0
2021-04-17,15005.0
2021-04-18,13879.0
2021-04-19,15497.0
2021-04-20,15586.0
2021-04-21,15852.0
2021-04-22,16034.0
2021-04-23,16216.0
2021-04-24,16183.0
2021-04-25,13947.0
2021-04-26,15812.0
2021-04-27,15878.0
2021-04-28,16286.0
2021-04-29,16461.0
2021-04-30,16244.0
2021-05-01,14712.0
2021-05-02,13830.0
2021-05-03,15429.0
2021-05-04,15957.0
2021-05-05,15557.0
2021-05-06,15539.0
2021-05-07,15471.0
2021-05-08,14941.0
2021-05-09,13756.0
2021-05-10,14335.0
2021-05-11,14466.0
2021-05-12,14692.0
2021-05-13,14277.0
2021-05-14,13717.0
2021-05-15,12762.0
2021-05-16,11778.0
2021-05-17,13445.0
2021-05-18,13797.0
2021-05-19,13876.0
2021-05-20,12995.0
2021-05-21,12279.0
2021-05-22,12008.0
2021-05-23,11778.0
2021-05-24,11787.0
2021-05-25,11868.0
2021-05-26,11449.0
2021-05-27,12180.0
2021-05-28,12384.0
2021-05-29,12499.0
2021-05-30,12050.0
2021-05-31,12590.666666666666
2021-06-01,13131.333333333334
2021-06-02,13672.0
2021-06-03,13684.0
2021-06-04,13290.0
2021-06-05,12319.0
2021-06-06,12080.0
2021-06-07,13188.0
2021-06-08,13202.0
2021-06-09,13533.0
2021-06-10,13995.0
2021-06-11,14172.0
2021-06-12,14059.0
2021-06-13,12115.0
2021-06-14,13513.0
2021-06-15,14033.0
2021-06-16,14481.0
2021-06-17,14893.0
2021-06-18,14843.0
2021-06-19,14481.0
2021-06-20,13913.0
2021-06-21,15212.0
2021-06-22,14594.0
2021-06-23,14813.0
2021-06-24,14263.0
2021-06-25,14769.0
2021-06-26,14288.0
2021-06-27,12955.0
2021-06-28,14792.0
2021-06-29,16040.0
2021-06-30,15837.0
2021-07-01,15579.0
2021-07-02,14691.0
2021-07-03,14291.0
2021-07-04,13308.0
2021-07-05,13962.0
2021-07-06,14584.0
2021-07-07,14663.0
2021-07-08,14794.0
2021-07-09,13973.0
2021-07-10,12983.5
2021-07-11,11994.0
2021-07-12,13955.0
2021-07-13,14033.0
2021-07-14,14559.0
2021-07-15,13628.0
2021-07-16,13758.0
2021-07-17,13388.0
2021-07-18,11360.0
2021-07-19,13726.0
2021-07-20,14011.0
2021-07-21,14008.0
2021-07-22,13576.0
2021-07-23,14257.0
2021-07-24,14247.0
2021-07-25,12721.0
2021-07-26,14319.0
2021-07-27,14417.0
2021-07-28,14866.0
2021-07-29,14972.0
2021-07-30,15115.0
2021-07-31,15003.0
2021-08-01,13822.0
2021-08-02,15596.0
2021-08-03,15388.0
2021-08-04,15737.0
2021-08-05,16029.0
2021-08-06,16011.0
2021-08-07,14701.0
2021-08-08,13876.0
2021-08-09,15442.0
2021-08-10,15548.0
2021-08-11,15387.0
2021-08-12,14947.0
2021-08-13,15471.0
2021-08-14,15096.0
2021-08-15,12754.0
2021-08-16,14932.0
2021-08-17,15232.0
2021-08-18,14795.0
2021-08-19,15028.0
2021-08-20,15034.0
2021-08-21,14110.0
2021-08-22,12488.0
2021-08-23,13872.0
2021-08-24,14420.0
2021-08-25,14876.0
2021-08-26,14963.0
2021-08-27,14623.0
2021-08-28,14004.0
2021-08-29,11967.0
2021-08-30,14228.0
2021-08-31,14687.0
2021-09-01,14517.0
2021-09-02,14724.0
2021-09-03,13780.0
2021-09-04,13088.0
2021-09-05,13299.0
2021-09-06,13510.0
2021-09-07,14249.0
2021-09-08,14964.0
2021-09-09,15062.0
2021-09-10,14036.0
2021-09-11,14824.0
2021-09-12,13400.0
2021-09-13,15358.0
2021-09-14,15736.0
2021-09-15,15786.0
2021-09-16,15739.0
2021-09-17,15419.0
2021-09-18,14573.0
2021-09-19,13756.0
2021-09-20,15080.0
2021-09-21,15056.0
2021-09-22,15032.0
2021-09-23,14941.0
2021-09-24,14521.0
2021-09-25,14894.0
2021-09-26,12924.0
2021-09-27,14419.0
2021-09-28,15118.0
2021-09-29,15124.0
2021-09-30,15146.0
2021-10-01,13956.0
2021-10-02,12346.0
2021-10-03,12049.0
2021-10-04,14234.0
2021-10-05,13697.0
2021-10-06,13932.0
2021-10-07,14524.0
2021-10-08,14278.0
2021-10-09,13331.0
2021-10-10,12384.0
2021-10-11,13636.0
2021-10-12,13858.0
2021-10-13,13564.0
2021-10-14,11896.0
2021-10-15,12607.0
2021-10-16,13318.0
2021-10-17,12165.0
2021-10-18,14506.0
2021-10-19,14675.0
2021-10-20,14244.0
2021-10-21,14553.0
2021-10-22,14596.0
2021-10-23,14433.0
2021-10-24,12022.0
2021-10-25,14532.0
2021-10-26,14589.0
2021-10-27,14482.0
2021-10-28,14359.0
2021-10-29,14011.0
2021-10-30,13767.0
2021-10-31,12057.0
2021-11-01,13385.0
2021-11-02,12927.0
2021-11-03,11843.0
2021-11-04,9436.0
2021-11-05,10288.0
2021-11-06,11412.0
2021-11-07,10792.0
2021-11-08,11898.0
2021-11-09,12182.0
2021-11-10,11440.0
2021-11-11,10698.0
2021-11-12,12325.0
2021-11-13,12488.0
2021-11-14,10875.0
2021-11-15,12673.0
2021-11-16,13157.0
2021-11-17,12654.0
2021-11-18,12330.0
2021-11-19,12827.0
2021-11-20,12670.0
2021-11-21,11450.0
2021-11-22,13466.0
2021-11-23,13267.0
2021-11-24,13480.0
2021-11-25,12678.0
2021-11-26,12757.0
2021-11-27,12625.0
2021-11-28,10678.0
2021-11-29,12708.0
2021-11-30,12883.0
2021-12-01,12887.0
2021-12-02,13337.0
2021-12-03,13438.0
2021-12-04,12932.0
2021-12-05,11496.0
2021-12-06,13316.0
2021-12-07,13899.0
2021-12-08,13821.0
2021-12-09,13588.0
2021-12-10,13445.0
2021-12-11,13540.0
2021-12-12,13540.0
2021-12-13,13346.0
2021-12-14,13302.0
2021-12-15,13665.0
2021-12-16,14041.0
2021-12-17,14112.0
2021-12-18,13697.0
2021-12-19,11945.0
2021-12-20,13845.0
2021-12-21,14132.0
2021-12-22,14107.0
2021-12-23,14262.0
2021-12-24,14049.0
2021-12-25,13703.0
2021-12-26,12523.0
2021-12-27,14272.0
2021-12-28,14072.0
2021-12-29,14113.0
2021-12-30,14501.0
2021-12-31,13145.0
2022-01-01,12620.0
2022-01-02,10730.0
2022-01-03,13130.0
2022-01-04,13707.0
2022-01-05,14042.0
2022-01-06,14127.0
2022-01-07,14176.0
2022-01-08,14606.0
2022-01-09,12777.0
2022-01-10,14298.0
2022-01-11,14671.0
2022-01-12,14807.0
2022-01-13,14631.0
2022-01-14,12319.0
2022-01-15,11692.0
2022-01-16,11086.0
2022-01-17,13368.0
2022-01-18,14141.0
2022-01-19,14137.0
2022-01-20,14305.0
2022-01-21,14883.0
2022-01-22,14862.0
2022-01-23,12965.0
2022-01-24,14406.0
2022-01-25,14522.0
2022-01-26,13692.0
2022-01-27,14499.0
2022-01-28,14541.0
2022-01-29,14972.0
2022-01-30,13557.0
2022-01-31,15290.0
2022-02-01,14796.0
2022-02-02,15120.0
2022-02-03,15174.0
2022-02-04,15589.0
2022-02-05,15641.0
2022-02-06,13695.0
2022-02-07,15225.0
2022-02-08,15741.0
2022-02-09,15696.0
2022-02-10,15665.0
2022-02-11,15060.0
2022-02-12,14945.0
2022-02-13,13369.0
2022-02-14,14806.0
2022-02-15,15158.0
2022-02-16,15263.0
2022-02-17,15480.0
2022-02-18,15912.0
2022-02-19,14758.0
2022-02-20,14277.0
2022-02-21,15819.0
2022-02-22,16262.0
2022-02-23,15746.0
2022-02-24,15876.0
2022-02-25,15673.0
2022-02-26,16206.0
2022-02-27,14732.0
2022-02-28,15710.0
2022-03-01,16151.0
2022-03-02,15483.0
2022-03-03,15938.0
2022-03-04,15927.0
2022-03-05,15673.0
2022-03-06,14357.0
2022-03-07,14944.0
2022-03-08,15313.0
2022-03-09,15507.0
2022-03-10,15587.0
2022-03-11,15738.0
2022-03-12,15826.0
2022-03-13,14083.0
2022-03-14,15724.0
2022-03-15,15950.0
2022-03-16,16176.0
2022-03-17,16402.0
2022-03-18,16095.0
2022-03-19,15912.0
2022-03-20,14521.0
2022-03-21,16042.0
2022-03-22,16162.0
2022-03-23,16336.0
2022-03-24,16328.0
2022-03-25,16267.0
2022-03-26,16257.0
2022-03-27,15282.0
2022-03-28,17063.0
2022-03-29,17196.0
2022-03-30,16859.0
2022-03-31,16842.0
2022-04-01,16939.0
2022-04-02,17061.0
2022-04-03,15023.0
2022-04-04,16471.0
2022-04-05,16647.0
2022-04-06,16758.0
2022-04-07,16509.0
2022-04-08,16713.0
2022-04-09,16983.0
2022-04-10,14582.0
2022-04-11,15480.0
2022-04-12,15534.0
2022-04-13,15470.0
2022-04-14,14095.0
2022-04-15,14832.0
2022-04-16,15480.0
2022-04-17,13429.0
2022-04-18,15001.0
2022-04-19,15821.0
2022-04-20,16136.0
2022-04-21,16316.0
2022-04-22,16866.0
2022-04-23,16741.0
2022-04-24,14395.0
2022-04-25,16727.0
2022-04-26,16919.0
2022-04-27,17107.0
2022-04-28,17370.0
2022-04-29,17563.0
2022-04-30,17137.0
2022-05-01,15733.0
2022-05-02,16492.0
2022-05-03,16627.0
2022-05-04,16754.0
2022-05-05,16229.0
2022-05-06,16906.0
2022-05-07,16224.0
2022-05-08,14395.0
2022-05-09,15798.0
2022-05-10,14462.0
2022-05-11,14513.0
2022-05-12,15146.0
2022-05-13,14983.0
2022-05-14,15259.0
2022-05-15,12707.0
2022-05-16,14506.0
2022-05-17,14457.0
2022-05-18,14745.0
2022-05-19,14885.0
2022-05-20,15000.0
2022-05-21,15218.0
2022-05-22,13377.0
2022-05-23,16664.0
2022-05-24,16298.0
2022-05-25,16497.0
2022-05-26,16266.0
2022-05-27,16325.0
2022-05-28,16013.0
2022-05-29,14558.0
2022-05-30,16401.0
2022-05-31,16604.0
2022-06-01,16314.0
2022-06-02,16733.0
2022-06-03,17517.0
2022-06-04,16670.0
2022-06-05,15430.0
2022-06-06,16175.0
2022-06-07,15791.0
2022-06-08,15969.0
2022-06-09,16841.0
2022-06-10,16416.0
2022-06-11,15782.5
2022-06-12,15149.0
2022-06-13,16267.0
2022-06-14,16274.0
2022-06-15,15725.0
2022-06-16,15330.0
2022-06-17,15324.0
2022-06-18,14738.0
2022-06-19,14826.0
2022-06-20,14914.0
2022-06-21,14821.0
2022-06-22,15144.0
2022-06-23,15467.0
2022-06-24,15885.0
2022-06-25,15421.0
2022-06-26,14142.0
2022-06-27,16202.0
2022-06-28,16520.0
2022-06-29,16700.0
2022-06-30,16507.0
2022-07-01,16834.0
2022-07-02,16128.0
2022-07-03,14366.0
2022-07-04,15972.0
2022-07-05,15618.0
2022-07-06,15512.0
2022-07-07,15638.0
2022-07-08,15441.0
2022-07-09,15657.0
2022-07-10,13454.0
2022-07-11,14539.0
2022-07-12,14936.0
2022-07-13,15259.0
2022-07-14,15641.0
2022-07-15,15929.0
2022-07-16,15120.0
2022-07-17,13321.0
2022-07-18,15290.0
2022-07-19,15690.0
2022-07-20,15689.0
2022-07-21,15236.0
2022-07-22,14987.0
2022-07-23,14365.0
2022-07-24,12812.0
2022-07-25,14776.0
2022-07-26,14665.0
2022-07-27,14412.0
2022-07-28,14395.0
2022-07-29,15155.0
2022-07-30,14321.0
2022-07-31,12697.0
2022-08-01,14140.0
2022-08-02,14433.0
2022-08-03,13370.0
2022-08-04,13832.0
2022-08-05,13868.0
2022-08-06,13531.0
2022-08-07,12016.0
2022-08-08,14435.0
2022-08-09,14933.0
2022-08-10,15278.0
2022-08-11,15883.0
2022-08-12,15941.0
2022-08-13,15780.0
2022-08-14,13920.0
2022-08-15,13659.0
2022-08-16,16058.0
2022-08-17,15932.0
2022-08-18,15982.0
2022-08-19,15906.0
2022-08-20,15550.0
2022-08-21,13840.0
2022-08-22,14937.0
2022-08-23,15506.0
2022-08-24,15249.0
2022-08-25,14307.0
2022-08-26,14079.0
2022-08-27,13851.0
2022-08-28,11735.0
2022-08-29,11735.0
2022-08-30,14172.0
2022-08-31,12287.0
2022-09-01,13535.0
2022-09-02,13888.0
2022-09-03,14122.0
2022-09-04,12193.0
2022-09-05,14499.0
2022-09-06,14434.0
2022-09-07,13940.0
2022-09-08,13830.0
2022-09-09,14355.0
2022-09-10,13911.0
2022-09-11,12542.0
2022-09-12,15313.0
2022-09-13,15727.0
2022-09-14,15804.0
2022-09-15,15754.333333333334
2022-09-16,15704.666666666666
2022-09-17,15655.0
2022-09-18,13780.0
2022-09-19,16029.0
2022-09-20,16094.0
2022-09-21,16390.0
2022-09-22,16315.0
2022-09-23,16174.0
2022-09-24,16045.0
2022-09-25,14408.0
2022-09-26,15404.0
2022-09-27,15670.0
2022-09-28,15251.0
2022-09-29,15581.0
2022-09-30,15295.0
2022-10-01,14382.0
2022-10-02,12398.0
2022-10-03,14740.0
2022-10-04,14488.0
2022-10-05,14347.0
2022-10-06,15080.0
2022-10-07,15532.0
2022-10-08,14803.0
2022-10-09,12879.0
2022-10-10,12879.0
2022-10-11,14694.0
2022-10-12,14789.0
2022-10-13,14961.0
2022-10-14,14770.0
2022-10-15,14162.0
2022-10-16,12200.0
2022-10-17,14558.0
2022-10-18,14364.0
2022-10-19,14331.0
2022-10-20,14448.0
2022-10-21,14259.0
2022-10-22,13421.0
2022-10-23,11062.0
2022-10-24,10168.0
2022-10-25,12300.0
2022-10-26,13888.0
2022-10-27,14433.0
2022-10-28,14585.0
2022-10-29,13647.0
2022-10-30,12955.0
2022-10-31,14401.0
2022-11-01,13947.0
2022-11-02,13670.0
2022-11-03,13827.0
2022-11-04,13754.0
2022-11-05,13103.0
2022-11-06,11536.0
2022-11-07,14077.0
2022-11-08,14494.0
2022-11-09,14555.0
2022-11-10,14584.0
2022-11-11,12806.0
2022-11-12,13056.0
2022-11-13,10994.0
2022-11-14,13292.0
2022-11-15,13752.0
2022-11-16,13875.0
2022-11-17,14611.0
2022-11-18,14169.0
2022-11-19,13886.0
2022-11-20,11879.0
2022-11-21,13892.0
2022-11-22,14459.0
2022-11-23,14649.0
2022-11-24,14548.0
2022-11-25,14743.0
2022-11-26,15070.0
2022-11-27,12965.0
2022-11-28,14502.0
2022-11-29,14480.0
2022-11-30,14522.0
2022-12-01,14591.0
2022-12-02,14938.0
2022-12-03,14343.0
2022-12-04,12177.0
2022-12-05,14254.0
2022-12-06,14333.0
2022-12-07,14189.0
2022-12-08,14064.0
2022-12-09,12662.0
2022-12-10,12684.0
2022-12-11,11346.0
2022-12-12,13008.0
2022-12-13,13621.0
2022-12-14,13793.0
2022-12-15,14021.0
2022-12-16,14275.0
2022-12-17,14223.0
2022-12-18,12599.0
2022-12-19,14455.0
2022-12-20,14437.0
2022-12-21,14886.0
2022-12-22,15043.0
2022-12-23,15221.0
2022-12-24,15663.0
2022-12-25,13044.0
2022-12-26,13876.0
2022-12-27,13856.0
2022-12-28,14183.0
2022-12-29,14703.0
2022-12-30,14928.0
2022-12-31,14738.0
2023-01-01,13131.0
2023-01-02,14888.0
2023-01-03,15328.0
2023-01-04,15436.0
2023-01-05,15281.0
2023-01-06,15785.0
2023-01-07,14868.0
2023-01-08,13851.0
2023-01-09,15180.0
2023-01-10,16063.0
2023-01-11,15407.0
2023-01-12,15564.0
2023-01-13,15823.0
2023-01-14,15374.0
2023-01-15,12562.0
2023-01-16,12226.0
2023-01-17,13185.0
2023-01-18,14703.0
2023-01-19,15059.0
2023-01-20,15415.0
2023-01-21,15384.0
2023-01-22,14558.0
2023-01-23,15212.0
2023-01-24,15242.0
2023-01-25,15375.0
2023-01-26,13667.0
2023-01-27,15494.0
2023-01-28,16001.0
2023-01-29,14592.0
2023-01-30,15721.0
2023-01-31,15493.0
2023-02-01,14981.0
2023-02-02,15164.0
2023-02-03,14978.0
2023-02-04,14789.0
2023-02-05,12904.0
2023-02-06,14907.0
2023-02-07,14965.0
2023-02-08,15402.0
2023-02-09,15471.0
2023-02-10,15435.0
2023-02-11,16260.0
2023-02-12,13748.0
2023-02-13,15603.0
2023-02-14,15710.0
2023-02-15,15846.0
2023-02-16,16043.0
2023-02-17,16497.0
2023-02-18,16106.0
2023-02-19,14938.0
2023-02-20,15739.0
2023-02-21,16196.0
2023-02-22,16140.0
2023-02-23,16370.0
2023-02-24,16469.0
2023-02-25,16783.0
2023-02-26,15070.0
2023-02-27,16333.0
2023-02-28,16603.0
2023-03-01,17213.0
2023-03-02,17463.0
2023-03-03,16225.0
2023-03-04,17977.0
2023-03-05,15113.0
2023-03-06,16915.0
2023-03-07,17413.0
2023-03-08,16295.0
2023-03-09,17159.0
2023-03-10,17647.0
2023-03-11,17469.0
2023-03-12,15305.0
2023-03-13,17294.0
2023-03-14,17705.0
2023-03-15,17749.0
2023-03-16,18048.0
2023-03-17,17658.0
2023-03-18,17172.0
2023-03-19,14027.0
2023-03-20,15769.0
2023-03-21,16443.0
2023-03-22,16602.0
2023-03-23,16599.0
2023-03-24,16907.0
2023-03-25,16552.0
2023-03-26,14931.0
2023-03-27,16713.0
2023-03-28,17467.0
2023-03-29,17512.0
2023-03-30,17754.0
2023-03-31,17384.0
2023-04-01,17249.0
2023-04-02,14905.0
2023-04-03,17137.0
2023-04-04,17749.0
2023-04-05,17743.0
2023-04-06,18252.0
2023-04-07,17848.0
2023-04-08,17731.0
2023-04-09,15616.0
2023-04-10,17824.0
2023-04-11,18147.0
2023-04-12,18667.0
2023-04-13,18486.0
2023-04-14,17469.0
2023-04-15,18291.0
2023-04-16,16685.0
2023-04-17,18563.0
2023-04-18,18882.0
2023-04-19,19087.0
2023-04-20,19387.0
2023-04-21,18892.0
2023-04-22,18628.0
2023-04-23,15444.0
2023-04-24,17066.0
2023-04-25,16700.0
2023-04-26,16930.0
2023-04-27,17282.0
2023-04-28,17593.0
2023-04-29,17267.0
2023-04-30,17267.0
2023-05-01,13897.0
2023-05-02,14632.0
2023-05-03,14730.0
2023-05-04,14614.0
2023-05-05,14562.0
2023-05-06,14421.0
2023-05-07,12621.0
2023-05-08,14524.0
2023-05-09,15176.0
2023-05-10,16205.0
2023-05-11,16154.0
2023-05-12,16310.0
2023-05-13,16704.0
2023-05-14,15530.0
2023-05-15,17382.0
2023-05-16,17618.0
2023-05-17,18083.0
2023-05-18,18658.0
2023-05-19,18222.0
2023-05-20,17949.0
2023-05-21,16147.0
2023-05-22,17228.0
2023-05-23,17656.0
2023-05-24,17578.0
2023-05-25,18141.0
2023-05-26,17621.0
2023-05-27,17059.0
2023-05-28,15667.0
2023-05-29,17865.0
2023-05-30,18141.0
2023-05-31,18427.0
2023-06-01,17527.0
2023-06-02,18165.0
2023-06-03,18184.0
2023-06-04,16173.0
2023-06-05,18084.0
2023-06-06,17553.0
2023-06-07,17553.0
2023-06-08,17829.0
2023-06-09,17909.0
2023-06-10,17840.0
2023-06-11,15922.0
2023-06-12,17758.0
2023-06-13,17190.0
2023-06-14,17734.0
2023-06-15,18014.0
2023-06-16,18522.0
2023-06-17,17597.0
2023-06-18,15729.0
2023-06-19,16693.0
2023-06-20,16398.0
2023-06-21,16222.0
2023-06-22,16405.0
2023-06-23,16465.0
2023-06-24,16779.0
2023-06-25,15053.0
2023-06-26,17328.0
2023-06-27,16807.0
2023-06-28,17390.0
2023-06-29,17376.0
2023-06-30,17850.0
2023-07-01,17381.0
2023-07-02,15217.0
2023-07-03,16258.0
2023-07-04,16185.0
2023-07-05,16159.0
2023-07-06,16175.0
2023-07-07,16465.0
2023-07-08,16969.0
2023-07-09,14934.0
2023-07-10,16331.0
2023-07-11,15810.0
2023-07-12,16008.0
2023-07-13,15631.0
2023-07-14,16221.0
2023-07-15,16302.0
2023-07-16,15128.0
2023-07-17,16762.0
2023-07-18,17025.0
2023-07-19,16797.0
2023-07-20,17070.0
2023-07-21,17190.0
2023-07-22,17488.0
2023-07-23,16798.0
2023-07-24,16108.0
2023-07-25,15827.0
2023-07-26,15901.0
2023-07-27,16548.0
2023-07-28,17162.0
2023-07-29,17455.0
2023-07-30,15886.0
2023-07-31,17774.0
2023-08-01,18252.0
2023-08-02,17813.0
2023-08-03,17340.0
2023-08-04,17881.0
2023-08-05,17368.0
2023-08-06,16385.0
2023-08-07,17821.0
2023-08-08,17552.0
2023-08-09,17834.0
2023-08-10,16355.0
2023-08-11,16441.0
2023-08-12,15755.0
2023-08-13,14606.0
2023-08-14,15685.0
2023-08-15,14399.0
2023-08-16,16722.0
2023-08-17,17244.0
2023-08-18,17212.0
2023-08-19,16985.0
2023-08-20,15340.0
2023-08-21,17479.0
2023-08-22,17587.0
2023-08-23,17549.0
2023-08-24,18023.0
2023-08-25,17715.0
2023-08-26,17852.0
2023-08-27,15751.0
2023-08-28,17716.0
2023-08-29,16819.0
2023-08-30,16274.0
2023-08-31,15813.0
2023-09-01,15984.0
2023-09-02,15197.0
2023-09-03,13691.0
2023-09-04,15936.0
2023-09-05,15747.0
2023-09-06,16038.0
2023-09-07,15728.0
2023-09-08,16335.0
2023-09-09,16553.0
2023-09-10,14672.0
2023-09-11,16809.0
2023-09-12,16842.0
2023-09-13,17035.0
2023-09-14,16717.0
2023-09-15,16998.0
2023-09-16,16483.0
2023-09-17,14111.0
2023-09-18,14384.0
2023-09-19,15795.0
2023-09-20,16558.0
2023-09-21,16402.0
2023-09-22,16253.0
2023-09-23,16388.0
2023-09-24,14640.0
2023-09-25,15965.0
2023-09-26,16770.0
2023-09-27,16083.0
2023-09-28,16574.0
2023-09-29,16097.0
2023-09-30,16130.0
2023-10-01,14471.0
2023-10-02,14473.0
2023-10-03,17048.0
2023-10-04,17193.0
2023-10-05,17386.0
2023-10-06,17055.0
2023-10-07,17023.0
2023-10-08,15075.0
2023-10-09,16741.0
2023-10-10,16475.0
2023-10-11,16587.0
2023-10-12,16554.0
2023-10-13,16197.0
2023-10-14,16102.0
2023-10-15,13620.0
2023-10-16,15557.0
2023-10-17,15709.0
2023-10-18,16203.0
2023-10-19,16406.0
2023-10-20,16587.0
2023-10-21,15975.0
2023-10-22,14687.0
2023-10-23,14051.0
2023-10-24,15850.0
2023-10-25,16988.0
2023-10-26,17191.0
2023-10-27,17071.0
2023-10-28,17203.0
2023-10-29,14969.0
2023-10-30,15640.0
2023-10-31,16142.0
2023-11-01,16099.0
2023-11-02,16071.0
2023-11-03,15615.0
2023-11-04,14911.0
2023-11-05,12999.0
2023-11-06,15297.0
2023-11-07,15224.0
2023-11-08,15023.0
2023-11-09,15030.0
2023-11-10,14510.0
2023-11-11,12824.0
2023-11-12,10679.0
2023-11-13,11208.0
2023-11-14,12780.0
2023-11-15,13963.0
2023-11-16,14997.0
2023-11-17,15352.0
2023-11-18,15325.0
2023-11-19,13455.0
2023-11-20,15275.0
2023-11-21,15991.0
2023-11-22,15019.0
2023-11-23,15090.0
2023-11-24,15076.0
2023-11-25,14675.0
2023-11-26,12107.0
2023-11-27,14696.0
2023-11-28,15296.0
2023-11-29,14627.0
2023-11-30,14907.0
2023-12-01,15126.0
2023-12-02,14552.0
2023-12-03,12235.0
2023-12-04,11765.0
2023-12-05,13630.0
2023-12-06,15032.0
2023-12-07,15614.0
2023-12-08,15296.0
2023-12-09,15250.0
2023-12-10,13084.0
2023-12-11,15348.0
2023-12-12,15234.0
2023-12-13,15636.0
2023-12-14,15721.0
2023-12-15,15671.0
2023-12-16,15319.0
2023-12-17,13189.0
2023-12-18,14243.0
2023-12-19,14925.0
2023-12-20,14911.0
2023-12-21,15057.0
2023-12-22,15186.0
2023-12-23,15102.0
2023-12-24,13578.0
2023-12-25,14130.0
2023-12-26,15518.0
2023-12-27,15728.0
2023-12-28,15920.0
2023-12-29,15816.0
2023-12-30,15477.0
2023-12-31,14502.0
2024-01-01,15217.0
2024-01-02,15925.0
2024-01-03,16138.0
2024-01-04,16138.0
2024-01-05,15532.0
2024-01-06,15572.0
2024-01-07,13917.0
2024-01-08,14680.0
2024-01-09,14480.0
2024-01-10,14733.0
2024-01-11,14859.0
2024-01-12,15373.0
2024-01-13,15107.0
2024-01-14,13541.0
2024-01-15,12413.0
2024-01-16,12191.0
2024-01-17,13610.0
2024-01-18,15261.0
2024-01-19,15601.0
2024-01-20,15468.0
2024-01-21,14008.0
2024-01-22,16101.0
2024-01-23,16134.0
2024-01-24,16229.0
2024-01-25,16614.0
2024-01-26,14388.0
2024-01-27,15995.0
2024-01-28,14680.0
2024-01-29,16261.0
2024-01-30,16617.0
2024-01-31,17035.0
2024-02-01,17061.0
2024-02-02,17813.0
2024-02-03,16767.0
2024-02-04,14866.0
2024-02-05,16768.0
2024-02-06,16804.0
2024-02-07,16774.0
2024-02-08,17153.0
2024-02-09,17245.0
2024-02-10,16935.0
2024-02-11,14818.0
2024-02-12,16736.0
2024-02-13,17078.0
2024-02-14,17261.0
2024-02-15,17266.0
2024-02-16,17554.0
2024-02-17,16973.0
2024-02-18,15232.0
2024-02-19,17127.0
2024-02-20,17598.0
2024-02-21,17618.0
2024-02-22,18015.0
2024-02-23,18299.0
2024-02-24,18161.0
2024-02-25,15987.0
2024-02-26,17714.0
2024-02-27,17785.0
2024-02-28,18060.0
2024-02-29,18205.0
2024-03-01,18162.0
2024-03-02,18373.0
2024-03-03,16210.0
2024-03-04,17993.0
2024-03-05,18467.0
2024-03-06,18466.0
2024-03-07,18467.0
2024-03-08,18754.0
2024-03-09,18293.0
2024-03-10,16693.0
2024-03-11,18605.0
2024-03-12,18783.0
2024-03-13,18787.0
2024-03-14,19152.0
2024-03-15,19305.0
2024-03-16,18949.0
2024-03-17,16799.0
2024-03-18,18604.0
2024-03-19,19013.0
2024-03-20,18839.0
2024-03-21,19281.0
2024-03-22,19409.0
2024-03-23,19131.0
2024-03-24,16875.0
2024-03-25,17711.0
2024-03-26,18641.0
2024-03-27,18601.0
2024-03-28,19172.0
2024-03-29,19204.0
2024-03-30,18914.0
2024-03-31,17304.0
2024-04-01,19010.0
2024-04-02,19378.0
2024-04-03,19413.0
2024-04-04,19455.0
2024-04-05,19580.0
2024-04-06,19506.0
2024-04-07,18112.0
2024-04-08,20125.0
2024-04-09,19611.0
2024-04-10,19557.0
2024-04-11,19419.0
2024-04-12,19414.0
2024-04-13,19088.0
2024-04-14,17382.0
2024-04-15,19277.0
2024-04-16,19764.0
2024-04-17,20052.5
2024-04-18,20341.0
2024-04-19,18334.0
2024-04-20,19537.0
2024-04-21,18063.0
2024-04-22,20077.0
2024-04-23,19944.0
2024-04-24,19849.0
2024-04-25,20076.0
2024-04-26,20583.0
2024-04-27,20237.0
2024-04-28,18429.0
2024-04-29,20230.0
2024-04-30,20701.0
2024-05-01,18899.0
2024-05-02,20830.0
2024-05-03,20426.0
2024-05-04,20586.0
2024-05-05,18391.0
2024-05-06,20142.0
2024-05-07,20372.0
2024-05-08,19550.0
2024-05-09,19153.0
2024-05-10,19365.0
2024-05-11,18511.0
2024-05-12,16928.0
2024-05-13,18232.0
2024-05-14,17766.0
2024-05-15,17602.0
2024-05-16,16480.0
2024-05-17,16089.0
2024-05-18,16417.0
2024-05-19,14459.0
2024-05-20,15199.0
2024-05-21,15549.0
2024-05-22,15391.0
2024-05-23,16238.0
2024-05-24,16525.0
2024-05-25,16015.0
2024-05-26,14574.0
2024-05-27,17478.0
2024-05-28,18303.0
2024-05-29,19907.0
2024-05-30,19299.0
2024-05-31,20140.0
2024-06-01,18771.0
2024-06-02,15631.0
2024-06-03,17051.0
2024-06-04,17849.0
2024-06-05,17375.0
2024-06-06,16355.0
2024-06-07,16437.0
2024-06-08,15767.0
2024-06-09,14591.0
2024-06-10,16257.0
2024-06-11,17134.0
2024-06-12,17036.0
2024-06-13,17299.0
2024-06-14,17660.0
2024-06-15,16956.0
2024-06-16,15799.0
2024-06-17,18149.0
2024-06-18,17039.0
2024-06-19,16433.0
2024-06-20,16681.0
2024-06-21,16648.0
2024-06-22,17043.0
2024-06-23,14844.0
2024-06-24,17150.0
2024-06-25,17342.0
2024-06-26,16989.0
2024-06-27,17163.0
2024-06-28,17602.0
2024-06-29,18044.0
2024-06-30,16186.0
2024-07-01,16901.0
2024-07-02,17642.0
2024-07-03,17659.0
2024-07-04,17530.0
2024-07-05,17237.0
2024-07-06,16571.0
2024-07-07,14988.0
2024-07-08,16827.0
2024-07-09,17216.0
2024-07-10,17388.0
2024-07-11,17594.0
2024-07-12,17273.0
2024-07-13,16462.0
2024-07-14,14292.0
2024-07-15,15446.0
2024-07-16,15621.0
2024-07-17,15967.0
2024-07-18,15301.0
2024-07-19,15625.0
2024-07-20,16126.0
2024-07-21,14441.0
2024-07-22,16804.0
2024-07-23,17340.0
2024-07-24,17381.0
2024-07-25,16811.0
2024-07-26,17377.0
2024-07-27,16987.0
2024-07-28,15608.0
2024-07-29,17897.0
2024-07-30,17835.0
2024-07-31,18542.0
2024-08-01,17821.0
2024-08-02,18047.0
2024-08-03,17044.0
2024-08-04,15684.0
2024-08-05,16591.0
2024-08-06,16422.0
2024-08-07,16502.0
2024-08-08,16176.0
2024-08-09,16237.0
2024-08-10,16016.0
2024-08-11,14077.0
2024-08-12,16337.0
2024-08-13,16350.0
2024-08-14,16546.0
2024-08-15,14605.0
2024-08-16,16358.0
2024-08-17,16011.0
2024-08-18,15088.0
2024-08-19,16200.0
2024-08-20,17112.0
2024-08-21,16480.0
2024-08-22,16995.0
2024-08-23,17191.0
2024-08-24,17546.0
2024-08-25,15595.0
2024-08-26,17627.0
2024-08-27,17687.0
2024-08-28,17212.0
2024-08-29,16896.0
2024-08-30,16260.0
2024-08-31,15835.0
2024-09-01,14171.0
2024-09-02,16499.0
2024-09-03,16732.0
2024-09-04,17201.0
2024-09-05,17522.0
2024-09-06,17400.0
2024-09-07,16651.0
2024-09-08,14218.0
2024-09-09,17120.0
2024-09-10,17648.0
2024-09-11,17926.0
2024-09-12,18101.0
2024-09-13,18191.0
2024-09-14,18370.0
2024-09-15,16620.0
2024-09-16,18711.0
2024-09-17,19393.0
2024-09-18,18576.0
2024-09-19,18514.0
2024-09-20,18515.0
2024-09-21,17417.0
2024-09-22,15816.0
2024-09-23,18095.0
2024-09-24,17640.0
2024-09-25,17886.0
2024-09-26,18067.0
2024-09-27,18156.0
2024-09-28,18078.0
2024-09-29,15623.0
2024-09-30,17713.0
2024-10-01,18113.0
2024-10-02,15722.0
2024-10-03,17951.0
2024-10-04,17850.0
2024-10-05,16455.0
2024-10-06,14718.0
2024-10-07,16675.0
2024-10-08,16612.0
2024-10-09,16550.0
2024-10-10,15960.0
2024-10-11,13723.0
2024-10-12,14372.0
2024-10-13,13392.0
2024-10-14,15302.0
2024-10-15,14203.0
2024-10-16,14923.0
2024-10-17,15768.0
2024-10-18,16107.0
2024-10-19,15814.0
2024-10-20,14190.0
2024-10-21,16149.0
2024-10-22,16198.0
2024-10-23,16677.0
2024-10-24,16238.0
2024-10-25,15819.0
2024-10-26,15982.0
2024-10-27,14773.0
2024-10-28,16669.0
2024-10-29,16565.0
2024-10-30,15723.0
2024-10-31,12318.0
2024-11-01,12441.0
2024-11-02,13510.0
2024-11-03,13076.0
2024-11-04,15527.0
2024-11-05,15996.0
2024-11-06,16314.0
2024-11-07,15826.0
2024-11-08,16243.0
2024-11-09,16278.0
2024-11-10,14193.0
2024-11-11,16872.0
2024-11-12,16685.0
2024-11-13,16485.0
2024-11-14,15770.0
2024-11-15,15379.0
2024-11-16,14856.0
2024-11-17,12825.0
2024-11-18,15317.0
2024-11-19,15890.0
2024-11-20,15607.0
2024-11-21,15937.0
2024-11-22,16084.0
2024-11-23,15755.0
2024-11-24,14151.0
2024-11-25,15959.0
2024-11-26,15707.0
2024-11-27,14949.0
2024-11-28,15138.0
2024-11-29,15137.0
2024-11-30,13794.0
2024-12-01,11379.0
2024-12-02,14662.0
2024-12-03,15739.0
2024-12-04,15608.0
2024-12-05,15846.0
2024-12-06,16251.0
2024-12-07,16024.0
2024-12-08,14107.0
2024-12-09,16208.0
2024-12-10,16307.0
2024-12-11,15848.0
2024-12-12,14419.0
2024-12-13,14504.0
2024-12-14,14384.0
2024-12-15,11688.0
2024-12-16,14695.0
2024-12-17,15002.0
2024-12-18,15334.0
2024-12-19,15801.0
2024-12-20,15785.0
2024-12-21,15547.0
2024-12-22,13322.0
2024-12-23,16056.0
2024-12-24,15900.0
2024-12-25,15353.0
2024-12-26,15768.0
2024-12-27,15453.0
2024-12-28,15329.0
2024-12-29,13417.0
2024-12-30,15083.0
2024-12-31,15776.0
2025-01-01,14019.0
2025-01-02,15658.0
2025-01-03,15954.0
2025-01-04,15906.0
2025-01-05,14496.0
2025-01-06,16417.0
2025-01-07,16607.0
2025-01-08,16633.0
2025-01-09,16587.0
2025-01-10,16654.0
2025-01-11,16437.0
2025-01-12,14888.0
2025-01-13,15498.0
2025-01-14,12629.0
2025-01-15,12012.0
2025-01-16,13080.0
2025-01-17,15098.0
2025-01-18,15080.0
2025-01-19,12990.0
2025-01-20,14919.0
2025-01-21,15600.0
2025-01-22,16037.0
2025-01-23,16154.0
2025-01-24,16414.0
2025-01-25,16033.0
2025-01-26,13489.0
2025-01-27,16416.0
2025-01-28,16664.0
2025-01-29,16673.0
2025-01-30,17089.0
2025-01-31,17279.0
2025-02-01,16568.0
2025-02-02,14818.0
2025-02-03,16955.0
2025-02-04,17117.0
2025-02-05,17258.0
2025-02-06,17239.0
2025-02-07,17471.0
2025-02-08,17174.0
2025-02-09,14994.0
2025-02-10,17344.0
2025-02-11,17796.0
2025-02-12,17778.0
2025-02-13,17787.0
2025-02-14,17714.0
2025-02-15,17572.0
2025-02-16,15519.0
2025-02-17,18257.0
2025-02-18,17987.0
2025-02-19,18273.0
2025-02-20,18584.0
2025-02-21,18496.0
2025-02-22,18490.0
2025-02-23,16115.0
2025-02-24,18318.0
2025-02-25,18461.0
2025-02-26,18537.0
2025-02-27,17828.0
2025-02-28,18186.0
2025-03-01,17536.0
2025-03-02,15350.0
2025-03-03,17934.0
2025-03-04,18006.0
2025-03-05,18341.0
2025-03-06,18733.5
2025-03-07,19126.0
2025-03-08,18954.0
2025-03-09,16279.0
2025-03-10,18283.0
2025-03-11,18077.0
2025-03-12,15942.0
2025-03-13,16691.0
2025-03-14,15980.0
2025-03-15,16453.0
2025-03-16,15307.0
2025-03-17,18121.0
2025-03-18,19226.0
2025-03-19,19072.0
2025-03-20,19500.0
2025-03-21,19322.0
2025-03-22,19080.0
2025-03-23,16481.0
2025-03-24,19251.0
2025-03-25,19143.0
2025-03-26,19328.0
2025-03-27,19372.0
2025-03-28,19939.0
2025-03-29,19065.0
2025-03-30,17040.0
2025-03-31,18916.0
